<?xml version="1.0"?>
	<!DOCTYPE bookdetails SYSTEM "book.dtd">
	<?xml-stylesheet type="text/xsl" href="book.xsl"?>
<bookdetails>
	<books>
		<title>C</title>
		<author>Balaguruswamy</author>
		<isbn>123456</isbn>
		<publisher>Oxford</publisher>
		<edition>Edition-II</edition>
		<price>$30.00</price>
	</books>
	<books>
		<title>C++</title>
		<author>yaswanth kanethkar</author>
		<isbn>654321</isbn>
		<publisher>Tata McHill</publisher>
		<edition>Edition-I</edition>
		<price>$35.00</price>
	</books>
	<books>
		<title>JAVA</title>
		<author>Herbert Schildt</author>
		<isbn>789456</isbn>
		<publisher>Cenage</publisher>
		<edition>Edition-IV</edition>
		<edition>Edition-IV</edition>
		<price>$50.00</price>
	</books>
</bookdetails>